,Vertex,Edge,inputEncode,outputDecode,inputEdgeEncode,vertexFeatures,vertexHiddenLayout,feedThroughVertexFeatures,edgeMLP,edgeFeatures,edgeHiddenLayout,feedThroughEdgeFeatures,messagelayout,parameters,seed,file,entry,r2,l2,psnr,min,max,q1,q3,std
0,MessagePassing,CConv,False,False,False,[1 1],[],0,False,[1 1 1],[],0,[1],2,278834676,perlin_433611252,0,0.007820589078535556,0.2336436,5.977875313695726,4.078914e-09,0.931088,0.004507810575887561,0.3802880048751831,0.30397847
1,MessagePassing,CConv,False,False,False,[1 1],[],0,False,[1 1 1],[],0,[1],2,278834676,perlin_433611252,1,0.013583381272991968,0.062759176,7.615110308095657,2.091803e-08,0.36546758,0.005146477720700204,0.08817526884377003,0.08752623
2,MessagePassing,CConv,False,False,False,[1 1],[],0,False,[1 1 1],[],0,[1],2,278834676,perlin_433611252,2,0.009392527465226563,0.14504926,7.083048366522156,4.5109502e-08,0.7476011,0.02615977730602026,0.2172633334994316,0.14163473
3,MessagePassing,CConv,False,False,False,[1 1],[],0,False,[1 1 1],[],0,[1],2,278834676,perlin_433611252,3,-0.004490124913521187,0.13515241,9.882711228820087,6.3759205e-07,1.3242265,0.029948884155601263,0.08687644079327583,0.235978
4,MessagePassing,CConv,False,False,False,[1 1],[],0,False,[1 1 1],[],0,[1],2,278834676,perlin_960745502,0,0.015368848333504048,0.2277528,4.723670740231398,7.864651e-10,0.68165064,0.07014234736561775,0.34050503373146057,0.17275466
5,MessagePassing,CConv,False,False,False,[1 1],[],0,False,[1 1 1],[],0,[1],2,278834676,perlin_960745502,1,0.01703933539000657,0.16430421,3.667085866466851,1.4140599e-06,0.38531083,0.03575820289552212,0.2791329473257065,0.12507956
6,MessagePassing,CConv,False,False,False,[1 1],[],0,False,[1 1 1],[],0,[1],2,278834676,perlin_960745502,2,0.011689978915825794,0.03871908,6.742057340906509,4.9561155e-10,0.1846127,0.003978589782491326,0.058963991701602936,0.04689844
7,MessagePassing,CConv,False,False,False,[1 1],[],0,False,[1 1 1],[],0,[1],2,278834676,perlin_960745502,3,0.04191704206055702,0.018627545,10.949796375973314,5.270536e-09,0.23331454,0.0010423111089039594,0.012802572688087821,0.04101471
8,MessagePassing,CConv,False,False,False,[1 1],[],0,False,[1 1 1],[],0,[1],2,278834676,perlin_759352143,0,0.00976990392884447,0.13223335,6.6084510446519324,9.0048874e-10,0.609673,0.018346800934523344,0.20526571944355965,0.16014315
9,MessagePassing,CConv,False,False,False,[1 1],[],0,False,[1 1 1],[],0,[1],2,278834676,perlin_759352143,1,0.02824414900962091,0.07952442,9.279971931768536,2.2053726e-08,0.6755845,0.008501352975144982,0.08129150979220867,0.13241427
10,MessagePassing,CConv,False,False,False,[1 1],[],0,False,[1 1 1],[],0,[1],2,278834676,perlin_759352143,2,0.004721863410353411,0.05792828,4.972937129153181,1.0597028e-07,0.18316707,0.01317597203887999,0.0978426095098257,0.053042065
11,MessagePassing,CConv,False,False,False,[1 1],[],0,False,[1 1 1],[],0,[1],2,278834676,perlin_759352143,3,0.007575272166993052,0.035629965,7.6118443911392,1.1668661e-07,0.20732726,0.004754379624500871,0.04503213707357645,0.043193866
12,MessagePassing,CConv,False,False,False,[1 1],[],0,False,[1 1 1],[],0,[1],2,278834676,perlin_37078787,0,0.016915633915658534,0.15618156,9.223609757543922,6.6729564e-09,1.3141731,0.016659557819366455,0.12146892957389355,0.2768914
13,MessagePassing,CConv,False,False,False,[1 1],[],0,False,[1 1 1],[],0,[1],2,278834676,perlin_37078787,1,0.024983467230956236,0.10427755,8.079669033283853,5.0534553e-08,0.6759896,0.011578095145523548,0.15095555409789085,0.13543485
14,MessagePassing,CConv,False,False,False,[1 1],[],0,False,[1 1 1],[],0,[1],2,278834676,perlin_37078787,2,0.013847346207426448,0.05890159,10.864562854934213,1.4496493e-10,0.72464937,0.004840267589315772,0.05779378488659859,0.12818107
15,MessagePassing,CConv,False,False,False,[1 1],[],0,False,[1 1 1],[],0,[1],2,278834676,perlin_37078787,3,-0.002165284448082838,0.049004044,11.822156768485385,7.9669826e-11,0.75021744,0.006095615099184215,0.03785825055092573,0.107904404
0,MessagePassing,CConv,False,False,False,[1 1],[],0,False,[1 1 1],[],0,[1],2,801872753,perlin_433611252,0,0.007961111634887663,0.23361054,5.978489733460954,1.6118307e-08,0.9311947,0.00451743311714381,0.3755572959780693,0.30403364
1,MessagePassing,CConv,False,False,False,[1 1],[],0,False,[1 1 1],[],0,[1],2,801872753,perlin_433611252,1,0.013527839292042154,0.06276271,7.61486555773201,8.684723e-09,0.36565614,0.005140032735653222,0.0881634745746851,0.08757085
2,MessagePassing,CConv,False,False,False,[1 1],[],0,False,[1 1 1],[],0,[1],2,801872753,perlin_433611252,2,0.00949908401346311,0.14503366,7.083515628538283,2.2519766e-08,0.74795336,0.026155429426580667,0.21722330525517464,0.14165778
3,MessagePassing,CConv,False,False,False,[1 1],[],0,False,[1 1 1],[],0,[1],2,801872753,perlin_433611252,3,-0.0049241076166961495,0.13521081,9.880835206944873,5.435813e-07,1.3244268,0.02993673738092184,0.08693542517721653,0.23601618
4,MessagePassing,CConv,False,False,False,[1 1],[],0,False,[1 1 1],[],0,[1],2,801872753,perlin_960745502,0,0.01563369458868169,0.22769153,4.7248391842745585,1.0825261e-09,0.6819696,0.07012833841145039,0.34053926169872284,0.1729022
5,MessagePassing,CConv,False,False,False,[1 1],[],0,False,[1 1 1],[],0,[1],2,801872753,perlin_960745502,1,0.017247570716841798,0.1642694,3.6680056516595676,1.5440743e-06,0.38550088,0.03563124779611826,0.27915575355291367,0.12520029
6,MessagePassing,CConv,False,False,False,[1 1],[],0,False,[1 1 1],[],0,[1],2,801872753,perlin_960745502,2,0.010295431006326461,0.03877371,6.735934647458278,5.7076344e-09,0.18462512,0.003986758994869888,0.059009612537920475,0.046902172
7,MessagePassing,CConv,False,False,False,[1 1],[],0,False,[1 1 1],[],0,[1],2,801872753,perlin_960745502,3,0.04163895994022271,0.018632952,10.948535331548815,1.3669003e-08,0.23342273,0.0010395821591373533,0.012811664026230574,0.04102739
8,MessagePassing,CConv,False,False,False,[1 1],[],0,False,[1 1 1],[],0,[1],2,801872753,perlin_759352143,0,0.009598316023541109,0.13225625,6.60769912459965,8.565191e-09,0.60990953,0.018687135074287653,0.2053358294069767,0.16021666
9,MessagePassing,CConv,False,False,False,[1 1],[],0,False,[1 1 1],[],0,[1],2,801872753,perlin_759352143,1,0.028423479671880303,0.07950975,9.280773719999091,7.792384e-09,0.67589504,0.008817883441224694,0.0812955740839243,0.13241853
10,MessagePassing,CConv,False,False,False,[1 1],[],0,False,[1 1 1],[],0,[1],2,801872753,perlin_759352143,2,0.003666047753583368,0.057989724,4.968333303608794,7.483262e-08,0.18325536,0.01317235641181469,0.09790756367146969,0.053061675
11,MessagePassing,CConv,False,False,False,[1 1],[],0,False,[1 1 1],[],0,[1],2,801872753,perlin_759352143,3,0.006859407206385781,0.035655666,7.608712646707535,1.5509933e-07,0.20745474,0.00476394291035831,0.04506871476769447,0.043200582
12,MessagePassing,CConv,False,False,False,[1 1],[],0,False,[1 1 1],[],0,[1],2,801872753,perlin_37078787,0,0.01709681425422538,0.15615278,9.22441032089334,3.775682e-10,1.3143488,0.016727456357330084,0.1214597150683403,0.27681035
13,MessagePassing,CConv,False,False,False,[1 1],[],0,False,[1 1 1],[],0,[1],2,801872753,perlin_37078787,1,0.025246755539404808,0.10424939,8.080841211232329,2.6565381e-08,0.6761075,0.011319974204525352,0.15101991221308708,0.13542691
14,MessagePassing,CConv,False,False,False,[1 1],[],0,False,[1 1 1],[],0,[1],2,801872753,perlin_37078787,2,0.01376464606379002,0.05890653,10.864198852966991,2.2144429e-09,0.7247653,0.004849634948186576,0.057813662104308605,0.128185
15,MessagePassing,CConv,False,False,False,[1 1],[],0,False,[1 1 1],[],0,[1],2,801872753,perlin_37078787,3,-0.002979698744429493,0.049043868,11.81862900868219,4.6556625e-09,0.75029993,0.006087772664614022,0.03787812776863575,0.10791556
0,MessagePassing,CConv,False,False,False,[1 1],[],0,False,[1 1 1],[],0,[1],2,286870121,perlin_433611252,0,0.007588006089710775,0.23369838,5.976857081271994,4.4764414e-09,0.93075925,0.004506449564360082,0.38699207454919815,0.30388758
1,MessagePassing,CConv,False,False,False,[1 1],[],0,False,[1 1 1],[],0,[1],2,286870121,perlin_433611252,1,0.013590942524735916,0.062758684,7.6151439176422535,1.8500842e-08,0.365302,0.0051437970250844955,0.08814154751598835,0.08747505
2,MessagePassing,CConv,False,False,False,[1 1],[],0,False,[1 1 1],[],0,[1],2,286870121,perlin_433611252,2,0.009198551457185955,0.14507766,7.082198068404757,4.3370104e-08,0.74723935,0.026149469427764416,0.21717628836631775,0.14161386
3,MessagePassing,CConv,False,False,False,[1 1],[],0,False,[1 1 1],[],0,[1],2,286870121,perlin_433611252,3,-0.003871516136984665,0.13506919,9.885385817613813,6.2744766e-07,1.3237244,0.029315898194909096,0.08684009313583374,0.23590305
4,MessagePassing,CConv,False,False,False,[1 1],[],0,False,[1 1 1],[],0,[1],2,286870121,perlin_960745502,0,0.014927408679923815,0.22785491,4.721724186585921,4.604317e-10,0.6813318,0.07183209620416164,0.3403424173593521,0.17256553
5,MessagePassing,CConv,False,False,False,[1 1],[],0,False,[1 1 1],[],0,[1],2,286870121,perlin_960745502,1,0.016667143433483855,0.16436642,3.6654415501763564,1.4274164e-06,0.3851458,0.03574324678629637,0.2790108472108841,0.12490735
6,MessagePassing,CConv,False,False,False,[1 1],[],0,False,[1 1 1],[],0,[1],2,286870121,perlin_960745502,2,0.013545276325954259,0.038646393,6.75021898440985,8.443246e-10,0.18450941,0.003979374538175762,0.05894292704761028,0.04688351
7,MessagePassing,CConv,False,False,False,[1 1],[],0,False,[1 1 1],[],0,[1],2,286870121,perlin_960745502,3,0.042086390760771586,0.018624254,10.950563597872202,6.1761876e-09,0.23323472,0.0010492374130990356,0.012798614334315062,0.040998373
8,MessagePassing,CConv,False,False,False,[1 1],[],0,False,[1 1 1],[],0,[1],2,286870121,perlin_759352143,0,0.009956027948447521,0.13220848,6.609267728336523,1.1369395e-09,0.6094519,0.018338348250836134,0.20519891008734703,0.16006665
9,MessagePassing,CConv,False,False,False,[1 1],[],0,False,[1 1 1],[],0,[1],2,286870121,perlin_759352143,1,0.027854814890590385,0.07955628,9.278232928165956,2.3255787e-08,0.67527723,0.008470571134239435,0.08126084692776203,0.13245095
10,MessagePassing,CConv,False,False,False,[1 1],[],0,False,[1 1 1],[],0,[1],2,286870121,perlin_759352143,2,0.006147486644335953,0.057845302,4.979162433473577,1.0051252e-07,0.18310852,0.01316948770545423,0.09779922664165497,0.053018633
11,MessagePassing,CConv,False,False,False,[1 1],[],0,False,[1 1 1],[],0,[1],2,286870121,perlin_759352143,3,0.008519465462135445,0.035596065,7.6159789438527685,1.2239465e-07,0.20722428,0.004753125715069473,0.045013763941824436,0.043177165
12,MessagePassing,CConv,False,False,False,[1 1],[],0,False,[1 1 1],[],0,[1],2,286870121,perlin_37078787,0,0.016581238821126942,0.15623468,9.222132316778225,5.9579897e-09,1.3137099,0.016320075374096632,0.12141662649810314,0.27697632
13,MessagePassing,CConv,False,False,False,[1 1],[],0,False,[1 1 1],[],0,[1],2,286870121,perlin_37078787,1,0.02449521997359272,0.104329765,8.077494980042845,4.8452794e-08,0.67565024,0.011572002898901701,0.1508990079164505,0.13542847
14,MessagePassing,CConv,False,False,False,[1 1],[],0,False,[1 1 1],[],0,[1],2,286870121,perlin_37078787,2,0.013890471644307123,0.05889901,10.864752556753272,2.1674751e-10,0.7243081,0.00483857630752027,0.05777097027748823,0.12814452
15,MessagePassing,CConv,False,False,False,[1 1],[],0,False,[1 1 1],[],0,[1],2,286870121,perlin_37078787,3,-0.0010364223288430452,0.048948843,11.827051199587702,3.1496605e-10,0.7499435,0.0060925803845748305,0.03784495871514082,0.107864685
0,MessagePassing,CConv,False,False,False,[1 1],[],0,False,[1 1 1],[],0,[1],2,936431641,perlin_433611252,0,0.007514132285413644,0.23371577,5.976533948332677,9.094947e-13,0.9307788,0.004496858105994761,0.38702279329299927,0.3038738
1,MessagePassing,CConv,False,False,False,[1 1],[],0,False,[1 1 1],[],0,[1],2,936431641,perlin_433611252,1,0.013575355649354415,0.06275968,7.615074974842342,2.2053726e-08,0.36516964,0.005151683930307627,0.08816739916801453,0.08744702
2,MessagePassing,CConv,False,False,False,[1 1],[],0,False,[1 1 1],[],0,[1],2,936431641,perlin_433611252,2,0.009133275468788393,0.14508723,7.081911257270679,7.59229e-08,0.7470133,0.02615824108943343,0.21717184409499168,0.14160503
3,MessagePassing,CConv,False,False,False,[1 1],[],0,False,[1 1 1],[],0,[1],2,936431641,perlin_433611252,3,-0.0036960905953060674,0.13504559,9.886145569180345,7.376631e-07,1.3237149,0.029211843851953745,0.08679249510169029,0.2358913
4,MessagePassing,CConv,False,False,False,[1 1],[],0,False,[1 1 1],[],0,[1],2,936431641,perlin_960745502,0,0.014786467098298561,0.22788751,4.721103097287852,7.829258e-09,0.6811236,0.07316115871071815,0.3403477594256401,0.1724905
5,MessagePassing,CConv,False,False,False,[1 1],[],0,False,[1 1 1],[],0,[1],2,936431641,perlin_960745502,1,0.016543013217552804,0.16438717,3.664892922887692,1.2902364e-06,0.3850118,0.03573951683938503,0.2790234312415123,0.124847114
6,MessagePassing,CConv,False,False,False,[1 1],[],0,False,[1 1 1],[],0,[1],2,936431641,perlin_960745502,2,0.014039087961468688,0.038627043,6.752393112856052,3.669115e-11,0.18453765,0.003971307771280408,0.05890325363725424,0.046889234
7,MessagePassing,CConv,False,False,False,[1 1],[],0,False,[1 1 1],[],0,[1],2,936431641,perlin_960745502,3,0.04207857052927333,0.018624403,10.950528378764123,1.3744018e-10,0.23315248,0.001046808174578473,0.012790600303560495,0.04098968
8,MessagePassing,CConv,False,False,False,[1 1],[],0,False,[1 1 1],[],0,[1],2,936431641,perlin_759352143,0,0.0099944246293725,0.13220337,6.6094360872271,1.1287894e-09,0.60929126,0.01835440006107092,0.20515185594558716,0.16001546
9,MessagePassing,CConv,False,False,False,[1 1],[],0,False,[1 1 1],[],0,[1],2,936431641,perlin_759352143,1,0.02771152828785517,0.079568,9.277593166164559,2.6303727e-08,0.675073,0.008478249656036496,0.08126896061003208,0.1324383
10,MessagePassing,CConv,False,False,False,[1 1],[],0,False,[1 1 1],[],0,[1],2,936431641,perlin_759352143,2,0.00653243546772575,0.057822898,4.980844986898243,1.4069403e-07,0.1830392,0.013175960630178452,0.09774343483150005,0.05301141
11,MessagePassing,CConv,False,False,False,[1 1],[],0,False,[1 1 1],[],0,[1],2,936431641,perlin_759352143,3,0.008768751669292918,0.035587117,7.617069785949598,8.50745e-08,0.20713115,0.004743546713143587,0.04498259350657463,0.043177288
12,MessagePassing,CConv,False,False,False,[1 1],[],0,False,[1 1 1],[],0,[1],2,936431641,perlin_37078787,0,0.016467638697137077,0.15625274,9.221630946758843,4.7887774e-09,1.3137109,0.01631682552397251,0.12144747376441956,0.2770385
13,MessagePassing,CConv,False,False,False,[1 1],[],0,False,[1 1 1],[],0,[1],2,936431641,perlin_37078787,1,0.024329182754239564,0.10434753,8.076755465497781,8.250382e-08,0.6756623,0.01158497272990644,0.15092837065458298,0.13544454
14,MessagePassing,CConv,False,False,False,[1 1],[],0,False,[1 1 1],[],0,[1],2,936431641,perlin_37078787,2,0.013884521297480856,0.058899365,10.864726472998825,5.7708514e-09,0.7243237,0.004829500452615321,0.05773618910461664,0.12816001
15,MessagePassing,CConv,False,False,False,[1 1],[],0,False,[1 1 1],[],0,[1],2,936431641,perlin_37078787,3,-0.0007238290264703906,0.048933562,11.828407415345232,2.3237468e-09,0.74996674,0.0060860838275402784,0.037829287350177765,0.10787009
0,MessagePassing,CConv,False,False,False,[1 1],[1],0,False,[1 1 1],[1],0,[1],6,278834676,perlin_433611252,0,-0.024701563955069616,0.24130207,5.837803879613114,1.7353628e-07,1.4425241,0.007794568780809641,0.3023565411567688,0.35116163
1,MessagePassing,CConv,False,False,False,[1 1],[1],0,False,[1 1 1],[1],0,[1],6,278834676,perlin_433611252,1,-0.4638235077397903,0.09313341,5.900827743674201,9.567035e-09,0.49843833,0.010808022227138281,0.12483161315321922,0.1153702
2,MessagePassing,CConv,False,False,False,[1 1],[1],0,False,[1 1 1],[1],0,[1],6,278834676,perlin_433611252,2,-0.06367033067453653,0.15574744,6.773994387741446,1.6524932e-06,1.0636725,0.028481684159487486,0.2114778235554695,0.1784466
3,MessagePassing,CConv,False,False,False,[1 1],[1],0,False,[1 1 1],[1],0,[1],6,278834676,perlin_433611252,3,-0.1372873532096106,0.15302005,9.343466255733286,1.33985765e-08,1.1545237,0.017460500821471214,0.17251379042863846,0.2230534
4,MessagePassing,CConv,False,False,False,[1 1],[1],0,False,[1 1 1],[1],0,[1],6,278834676,perlin_960745502,0,-0.05316779284854323,0.24360585,4.4314313484419525,1.4738958e-07,1.0025606,0.061391497030854225,0.4064541682600975,0.23301259
5,MessagePassing,CConv,False,False,False,[1 1],[1],0,False,[1 1 1],[1],0,[1],6,278834676,perlin_960745502,1,-0.099559107567323,0.18379392,3.180261079001587,2.7762894e-07,0.7100543,0.03787936270236969,0.25621770322322845,0.19041461
6,MessagePassing,CConv,False,False,False,[1 1],[1],0,False,[1 1 1],[1],0,[1],6,278834676,perlin_960745502,2,-0.8834012029443374,0.07378611,3.9415627384896608,1.8571065e-09,0.43828946,0.009999734815210104,0.10095241107046604,0.09791569
7,MessagePassing,CConv,False,False,False,[1 1],[1],0,False,[1 1 1],[1],0,[1],6,278834676,perlin_960745502,3,-2.0607924208580983,0.05950951,5.905488723880554,5.595613e-09,0.46970797,0.022861314471811056,0.06157232541590929,0.081140436
8,MessagePassing,CConv,False,False,False,[1 1],[1],0,False,[1 1 1],[1],0,[1],6,278834676,perlin_759352143,0,-0.171481663231684,0.15643731,5.87845783688233,7.0376257e-07,0.88101876,0.03921640384942293,0.16376009956002235,0.19868742
9,MessagePassing,CConv,False,False,False,[1 1],[1],0,False,[1 1 1],[1],0,[1],6,278834676,perlin_759352143,1,-0.383886256292143,0.11325144,7.744539580228523,2.2172486e-09,1.1639583,0.007296421215869486,0.12876510247588158,0.18100873
10,MessagePassing,CConv,False,False,False,[1 1],[1],0,False,[1 1 1],[1],0,[1],6,278834676,perlin_759352143,2,-0.485685009639534,0.08647148,3.233114035207155,1.7945666e-08,0.44278434,0.013914135750383139,0.1306830309331417,0.100559466
11,MessagePassing,CConv,False,False,False,[1 1],[1],0,False,[1 1 1],[1],0,[1],6,278834676,perlin_759352143,3,-0.7727826670160822,0.063646324,5.092265062303687,2.3479016e-08,0.32708278,0.007342988043092191,0.09414292313158512,0.07377515
12,MessagePassing,CConv,False,False,False,[1 1],[1],0,False,[1 1 1],[1],0,[1],6,278834676,perlin_37078787,0,-0.10939645503076001,0.17624864,8.698649845712026,1.2623591e-08,1.7345327,0.012446989072486758,0.18154970183968544,0.28352034
13,MessagePassing,CConv,False,False,False,[1 1],[1],0,False,[1 1 1],[1],0,[1],6,278834676,perlin_37078787,1,-0.2217912104812667,0.13066998,7.099818319407465,1.8898712e-07,1.0717804,0.029176410753279924,0.179819006472826,0.15974338
14,MessagePassing,CConv,False,False,False,[1 1],[1],0,False,[1 1 1],[1],0,[1],6,278834676,perlin_37078787,2,-0.4682579516472527,0.087697096,9.135981126612332,7.940404e-09,1.0168443,0.00879128067754209,0.08732957392930984,0.1792345
15,MessagePassing,CConv,False,False,False,[1 1],[1],0,False,[1 1 1],[1],0,[1],6,278834676,perlin_37078787,3,-0.6149286350765208,0.07896705,9.750016413448986,5.471467e-09,0.5230183,0.00412079889792949,0.11996457912027836,0.09659124
0,MessagePassing,CConv,False,False,False,[1 1],[1],0,False,[1 1 1],[1],0,[1],6,801872753,perlin_433611252,0,0.0007594552159013723,0.2353064,5.947076849225867,3.3047343e-09,0.93234825,0.0046086321817711,0.388131707906723,0.30562246
1,MessagePassing,CConv,False,False,False,[1 1],[1],0,False,[1 1 1],[1],0,[1],6,801872753,perlin_433611252,1,0.0005920747306360497,0.06358573,7.558286612396418,4.5814037e-08,0.3528209,0.005385345313698053,0.08878645300865173,0.0867639
2,MessagePassing,CConv,False,False,False,[1 1],[1],0,False,[1 1 1],[1],0,[1],6,801872753,perlin_433611252,2,0.000978892651455343,0.14628121,7.0463181630544245,3.0280947e-09,0.7224202,0.029018243309110403,0.2154644951224327,0.14370601
3,MessagePassing,CConv,False,False,False,[1 1],[1],0,False,[1 1 1],[1],0,[1],6,801872753,perlin_433611252,3,-0.00021060111539572546,0.1345766,9.901253802687261,2.6042766e-08,1.305479,0.030880403704941273,0.08082505315542221,0.2330773
4,MessagePassing,CConv,False,False,False,[1 1],[1],0,False,[1 1 1],[1],0,[1],6,801872753,perlin_960745502,0,0.0013987023940900123,0.23098421,4.662485188441315,2.3440293e-07,0.65975153,0.07462162151932716,0.33860010653734207,0.17261787
5,MessagePassing,CConv,False,False,False,[1 1],[1],0,False,[1 1 1],[1],0,[1],6,801872753,perlin_960745502,1,0.0016016110450013388,0.16688466,3.5994082287481755,1.9646142e-09,0.37359288,0.037198361940681934,0.28495650738477707,0.12411831
6,MessagePassing,CConv,False,False,False,[1 1],[1],0,False,[1 1 1],[1],0,[1],6,801872753,perlin_960745502,2,0.0017552480637550438,0.03910829,6.698620126419205,4.968148e-10,0.19229557,0.004563586669974029,0.05776325240731239,0.047731336
7,MessagePassing,CConv,False,False,False,[1 1],[1],0,False,[1 1 1],[1],0,[1],6,801872753,perlin_960745502,3,0.0008999720318300097,0.01942502,10.767737410077768,1.1525687e-09,0.24201463,0.0009977762529160827,0.01371392933651805,0.042517804
8,MessagePassing,CConv,False,False,False,[1 1],[1],0,False,[1 1 1],[1],0,[1],6,801872753,perlin_759352143,0,0.0010670648597636,0.13339551,6.570448515476119,1.4865031e-08,0.6169776,0.02058241842314601,0.21059823408722878,0.1591886
9,MessagePassing,CConv,False,False,False,[1 1],[1],0,False,[1 1 1],[1],0,[1],6,801872753,perlin_759352143,1,0.002342438819278758,0.08164411,9.165729001350343,3.0043395e-08,0.6836404,0.00978760258294642,0.08183742314577103,0.1361927
10,MessagePassing,CConv,False,False,False,[1 1],[1],0,False,[1 1 1],[1],0,[1],6,801872753,perlin_759352143,2,0.0012745622737380113,0.05812892,4.957920713110926,5.9469243e-09,0.19240823,0.01299588568508625,0.09779325500130653,0.052719202
11,MessagePassing,CConv,False,False,False,[1 1],[1],0,False,[1 1 1],[1],0,[1],6,801872753,perlin_759352143,3,0.00036063666627084157,0.035888985,7.580386033775258,2.7885415e-07,0.19943744,0.004972926690243185,0.04892941936850548,0.04229187
12,MessagePassing,CConv,False,False,False,[1 1],[1],0,False,[1 1 1],[1],0,[1],6,801872753,perlin_37078787,0,0.0015796764467249647,0.15861797,9.15638342629973,8.056011e-09,1.2818477,0.017030935268849134,0.12589185684919357,0.27981725
13,MessagePassing,CConv,False,False,False,[1 1],[1],0,False,[1 1 1],[1],0,[1],6,801872753,perlin_37078787,1,0.0022191724563671578,0.106712185,7.979436370268342,2.7817586e-07,0.68756884,0.013290090020745993,0.14955313503742218,0.1363946
14,MessagePassing,CConv,False,False,False,[1 1],[1],0,False,[1 1 1],[1],0,[1],6,801872753,perlin_37078787,2,0.0007478883358262856,0.059683993,10.807254371235011,7.0303145e-11,0.7323211,0.003850714478176087,0.058413335122168064,0.13085456
15,MessagePassing,CConv,False,False,False,[1 1],[1],0,False,[1 1 1],[1],0,[1],6,801872753,perlin_37078787,3,-0.0003941858487666039,0.048917443,11.829838216254696,1.9282513e-09,0.7326692,0.005800525308586657,0.03745211847126484,0.105570406
0,MessagePassing,CConv,False,False,False,[1 1],[1],0,False,[1 1 1],[1],0,[1],6,286870121,perlin_433611252,0,0.0004757246862283626,0.23537321,5.9458440357548845,7.812918e-08,0.96948093,0.005121673224493861,0.4103112146258354,0.3006169
1,MessagePassing,CConv,False,False,False,[1 1],[1],0,False,[1 1 1],[1],0,[1],6,286870121,perlin_433611252,1,-0.003088805630810043,0.06381991,7.542320570136583,1.3230486e-09,0.40830752,0.004878245643340051,0.0919987615197897,0.09262484
2,MessagePassing,CConv,False,False,False,[1 1],[1],0,False,[1 1 1],[1],0,[1],6,286870121,perlin_433611252,2,0.00021426583531025667,0.14639318,7.042995019836223,3.4808362e-08,0.8212504,0.026700166519731283,0.21555063873529434,0.14564754
3,MessagePassing,CConv,False,False,False,[1 1],[1],0,False,[1 1 1],[1],0,[1],6,286870121,perlin_433611252,3,-0.004400873216153123,0.13514039,9.8830981991978,1.8155879e-08,1.3241932,0.02526853233575821,0.10773271694779396,0.23700944
4,MessagePassing,CConv,False,False,False,[1 1],[1],0,False,[1 1 1],[1],0,[1],6,286870121,perlin_960745502,0,0.002087951987240433,0.23082477,4.665484135715151,1.615427e-08,0.7455288,0.07512619160115719,0.32921380549669266,0.17767945
5,MessagePassing,CConv,False,False,False,[1 1],[1],0,False,[1 1 1],[1],0,[1],6,286870121,perlin_960745502,1,0.0017016839307043563,0.16686794,3.5998433399187855,4.94882e-08,0.4237204,0.03617189731448889,0.25850921124219894,0.12820269
6,MessagePassing,CConv,False,False,False,[1 1],[1],0,False,[1 1 1],[1],0,[1],6,286870121,perlin_960745502,2,-0.009771408446097807,0.03955987,6.6487599515985005,4.3213532e-08,0.16662294,0.00318815658101812,0.07132543250918388,0.045189183
7,MessagePassing,CConv,False,False,False,[1 1],[1],0,False,[1 1 1],[1],0,[1],6,286870121,perlin_960745502,3,-0.03408616446487556,0.020105235,10.618259958784577,3.2241432e-12,0.21280804,0.0010184892744291574,0.012818244751542807,0.03940881
8,MessagePassing,CConv,False,False,False,[1 1],[1],0,False,[1 1 1],[1],0,[1],6,286870121,perlin_759352143,0,-0.0029030574103741102,0.13392566,6.55322257215646,1.5341672e-07,0.59833705,0.01241422607563436,0.21854952722787857,0.16581964
9,MessagePassing,CConv,False,False,False,[1 1],[1],0,False,[1 1 1],[1],0,[1],6,286870121,perlin_759352143,1,-0.0018888682931121892,0.081990376,9.147348543399632,3.8917275e-07,0.7499975,0.00953904096968472,0.08191649429500103,0.13986538
10,MessagePassing,CConv,False,False,False,[1 1],[1],0,False,[1 1 1],[1],0,[1],6,286870121,perlin_759352143,2,-0.009642570621364088,0.05876433,4.91070571356628,1.2401903e-08,0.19302477,0.012037268141284585,0.09832319989800453,0.05620213
11,MessagePassing,CConv,False,False,False,[1 1],[1],0,False,[1 1 1],[1],0,[1],6,286870121,perlin_759352143,3,-0.023005454967794714,0.03672787,7.4800407441443,8.436562e-09,0.24202518,0.005887671140953898,0.03962836228311062,0.046044547
12,MessagePassing,CConv,False,False,False,[1 1],[1],0,False,[1 1 1],[1],0,[1],6,286870121,perlin_37078787,0,0.00030297124285627586,0.15882081,9.150833498331446,8.953394e-09,1.3525546,0.016628731973469257,0.12952032685279846,0.27635753
13,MessagePassing,CConv,False,False,False,[1 1],[1],0,False,[1 1 1],[1],0,[1],6,286870121,perlin_37078787,1,0.00029488738941430004,0.106917985,7.971069322358808,1.5201334e-07,0.6886832,0.008901313412934542,0.1640222743153572,0.13910578
14,MessagePassing,CConv,False,False,False,[1 1],[1],0,False,[1 1 1],[1],0,[1],6,286870121,perlin_37078787,2,-0.009006862165873653,0.060266636,10.76506336182324,4.8607077e-08,0.6560643,0.008824689080938697,0.05477916542440653,0.11774868
15,MessagePassing,CConv,False,False,False,[1 1],[1],0,False,[1 1 1],[1],0,[1],6,286870121,perlin_37078787,3,-0.01522967188304114,0.049642865,11.765907620053309,1.761407e-09,0.76111317,0.00643115711864084,0.04361939150840044,0.1088178
0,MessagePassing,CConv,False,False,False,[1 1],[1],0,False,[1 1 1],[1],0,[1],6,936431641,perlin_433611252,0,-7.0571799515306566e-09,0.23548524,5.943777466716837,1.7590816e-10,0.92547303,0.00446658197324723,0.39461037516593933,0.3050107
1,MessagePassing,CConv,False,False,False,[1 1],[1],0,False,[1 1 1],[1],0,[1],6,936431641,perlin_433611252,1,-1.1174136993474804e-07,0.0636234,7.555714268218465,5.1230566e-09,0.36236626,0.005256684496998787,0.09128396399319172,0.0874434
2,MessagePassing,CConv,False,False,False,[1 1],[1],0,False,[1 1 1],[1],0,[1],6,936431641,perlin_433611252,2,3.2253055781694684e-10,0.14642456,7.042064385498713,7.202294e-08,0.74095535,0.027574460487812757,0.21559281647205353,0.14417939
3,MessagePassing,CConv,False,False,False,[1 1],[1],0,False,[1 1 1],[1],0,[1],6,936431641,perlin_433611252,3,-4.8096948646048077e-08,0.13454828,9.902167806375722,6.682227e-07,1.3155693,0.029781739227473736,0.08652209676802158,0.234303
4,MessagePassing,CConv,False,False,False,[1 1],[1],0,False,[1 1 1],[1],0,[1],6,936431641,perlin_960745502,0,-5.323680607460801e-09,0.23130772,4.6564072540055825,2.2201507e-09,0.6757735,0.07427476719021797,0.3426937609910965,0.17304851
5,MessagePassing,CConv,False,False,False,[1 1],[1],0,False,[1 1 1],[1],0,[1],6,936431641,perlin_960745502,1,-1.3149613176111075e-08,0.16715237,3.5924469075784087,1.2133987e-06,0.38222387,0.036702015437185764,0.28082916140556335,0.12444892
6,MessagePassing,CConv,False,False,False,[1 1],[1],0,False,[1 1 1],[1],0,[1],6,936431641,perlin_960745502,2,1.3380061059109494e-08,0.039177053,6.690990718549327,6.90428e-10,0.18288909,0.004072385490871966,0.059726111590862274,0.0470378
7,MessagePassing,CConv,False,False,False,[1 1],[1],0,False,[1 1 1],[1],0,[1],6,936431641,perlin_960745502,3,-2.418139322113433e-07,0.019442521,10.763826785834695,2.3279618e-09,0.23178782,0.0010642202978488058,0.013477893779054284,0.04171525
8,MessagePassing,CConv,False,False,False,[1 1],[1],0,False,[1 1 1],[1],0,[1],6,936431641,perlin_759352143,0,-3.76227415888053e-08,0.13353801,6.565811203829657,9.785219e-10,0.6055618,0.019113728776574135,0.2119496464729309,0.15883769
9,MessagePassing,CConv,False,False,False,[1 1],[1],0,False,[1 1 1],[1],0,[1],6,936431641,perlin_759352143,1,-4.415269261315302e-09,0.08183581,9.155544090148698,4.5545292e-08,0.67370504,0.009378642775118351,0.08380514569580555,0.13592266
10,MessagePassing,CConv,False,False,False,[1 1],[1],0,False,[1 1 1],[1],0,[1],6,936431641,perlin_759352143,2,-3.6276066817109154e-08,0.0582031,4.952382753852946,8.402291e-08,0.18202625,0.013250070391222835,0.09921677596867085,0.053017247
11,MessagePassing,CConv,False,False,False,[1 1],[1],0,False,[1 1 1],[1],0,[1],6,936431641,perlin_759352143,3,1.054214282536492e-08,0.03590193,7.5788206789337895,1.3837129e-07,0.20556355,0.004895908641628921,0.04531826637685299,0.043247186
12,MessagePassing,CConv,False,False,False,[1 1],[1],0,False,[1 1 1],[1],0,[1],6,936431641,perlin_37078787,0,-8.272251639240835e-08,0.15886895,9.149516963635316,1.4032902e-09,1.3061997,0.0167407039552927,0.12555362284183502,0.28165072
13,MessagePassing,CConv,False,False,False,[1 1],[1],0,False,[1 1 1],[1],0,[1],6,936431641,perlin_37078787,1,-4.2209486572630794e-08,0.10694953,7.969787923335659,7.3066445e-08,0.6701739,0.012212867615744472,0.15325108915567398,0.13838252
14,MessagePassing,CConv,False,False,False,[1 1],[1],0,False,[1 1 1],[1],0,[1],6,936431641,perlin_37078787,2,-1.3561581191368077e-08,0.059728675,10.804003868162855,2.945048e-08,0.7188066,0.00480085180606693,0.0573485903441906,0.12924671
15,MessagePassing,CConv,False,False,False,[1 1],[1],0,False,[1 1 1],[1],0,[1],6,936431641,perlin_37078787,3,4.152812982383125e-09,0.048898164,11.831549880838082,1.3843754e-09,0.7455426,0.006309571326710284,0.03758999239653349,0.10725213
0,MessagePassing,CConv,False,False,False,[1 1],[4],0,False,[1 1 1],[4],0,[1],21,278834676,perlin_433611252,0,-0.006524351671234108,0.23702163,5.915534225920131,1.5637639e-08,1.1803044,0.0026431434089317918,0.43859345465898514,0.30392617
1,MessagePassing,CConv,False,False,False,[1 1],[4],0,False,[1 1 1],[4],0,[1],21,278834676,perlin_433611252,1,-0.14288360139485246,0.07271413,6.975694216709546,2.089205e-07,0.4811233,0.012301154900342226,0.08069884963333607,0.10435093
2,MessagePassing,CConv,False,False,False,[1 1],[4],0,False,[1 1 1],[4],0,[1],21,278834676,perlin_433611252,2,-0.01948889860096714,0.1492782,6.958240235285843,6.3887775e-09,0.97215754,0.01945012714713812,0.21834180131554604,0.1545463
3,MessagePassing,CConv,False,False,False,[1 1],[4],0,False,[1 1 1],[4],0,[1],21,278834676,perlin_433611252,3,-0.03611471590485471,0.13940746,9.748089261693538,1.0176359e-07,1.4454142,0.017571849282830954,0.13073959201574326,0.25443843
4,MessagePassing,CConv,False,False,False,[1 1],[4],0,False,[1 1 1],[4],0,[1],21,278834676,perlin_960745502,0,-0.01260716758975633,0.23422387,4.601997009178533,4.414446e-07,0.8689781,0.07532459497451782,0.3312033638358116,0.1929831
5,MessagePassing,CConv,False,False,False,[1 1],[4],0,False,[1 1 1],[4],0,[1],21,278834676,perlin_960745502,1,-0.02552987500017445,0.17141977,3.4829632640585926,2.0840517e-08,0.51118475,0.03388145938515663,0.23599111661314964,0.14798084
6,MessagePassing,CConv,False,False,False,[1 1],[4],0,False,[1 1 1],[4],0,[1],21,278834676,perlin_960745502,2,-0.25656059201490744,0.049228344,5.699156090303003,1.5231561e-07,0.2635439,0.003446524206083268,0.08486978337168694,0.055638127
7,MessagePassing,CConv,False,False,False,[1 1],[4],0,False,[1 1 1],[4],0,[1],21,278834676,perlin_960745502,3,-0.6100928977918969,0.03130426,8.695318036321943,4.816458e-08,0.22411154,0.00683102139737457,0.03272155113518238,0.04236974
8,MessagePassing,CConv,False,False,False,[1 1],[4],0,False,[1 1 1],[4],0,[1],21,278834676,perlin_759352143,0,-0.04615971759661308,0.13970208,6.369832402422949,3.3625929e-09,0.6233189,0.00862238253466785,0.2621985301375389,0.16801989
9,MessagePassing,CConv,False,False,False,[1 1],[4],0,False,[1 1 1],[4],0,[1],21,278834676,perlin_759352143,1,-0.10717243893664086,0.09060635,8.713391394129054,2.8958258e-10,0.86247766,0.008692832663655281,0.12421638146042824,0.13848503
10,MessagePassing,CConv,False,False,False,[1 1],[4],0,False,[1 1 1],[4],0,[1],21,278834676,perlin_759352143,2,-0.13709745440679844,0.0661826,4.3944054324824044,5.437351e-07,0.29510072,0.010316948173567653,0.08237475901842117,0.07490915
11,MessagePassing,CConv,False,False,False,[1 1],[4],0,False,[1 1 1],[4],0,[1],21,278834676,perlin_759352143,3,-0.22790888649939878,0.044084303,6.687158636376765,6.4700254e-09,0.28255305,0.0040789342019706964,0.04936871398240328,0.06562551
12,MessagePassing,CConv,False,False,False,[1 1],[4],0,False,[1 1 1],[4],0,[1],21,278834676,perlin_37078787,0,-0.028188719217254077,0.16334724,9.028788630847135,2.6810187e-07,1.6164976,0.00905142119154334,0.14382514730095863,0.30083027
13,MessagePassing,CConv,False,False,False,[1 1],[4],0,False,[1 1 1],[4],0,[1],21,278834676,perlin_37078787,1,-0.06080018707296708,0.11345207,7.7134525047698554,1.044933e-08,0.89444387,0.005370768951252103,0.18885966762900352,0.16638382
14,MessagePassing,CConv,False,False,False,[1 1],[4],0,False,[1 1 1],[4],0,[1],21,278834676,perlin_37078787,2,-0.13637861045492405,0.06787438,10.248774673139959,7.342079e-08,0.59174275,0.01303720218129456,0.06924099288880825,0.11352702
15,MessagePassing,CConv,False,False,False,[1 1],[4],0,False,[1 1 1],[4],0,[1],21,278834676,perlin_37078787,3,-0.18049356476757117,0.05772397,11.110914022254264,5.8850347e-10,0.89996105,0.0017127157771028578,0.05692732706665993,0.13111739
0,MessagePassing,CConv,False,False,False,[1 1],[4],0,False,[1 1 1],[4],0,[1],21,801872753,perlin_433611252,0,0.0063313243514909745,0.2339943,5.971361665087306,1.0706799e-08,0.9580176,0.0030558965518139303,0.37739505618810654,0.30717826
1,MessagePassing,CConv,False,False,False,[1 1],[4],0,False,[1 1 1],[4],0,[1],21,801872753,perlin_433611252,1,0.009532472483196441,0.0630169,7.597312601919346,6.4748207e-13,0.34639513,0.0052179808262735605,0.09237231314182281,0.08502707
2,MessagePassing,CConv,False,False,False,[1 1],[4],0,False,[1 1 1],[4],0,[1],21,801872753,perlin_433611252,2,0.007307152645274151,0.1453546,7.073916137231503,1.0756196e-10,0.72014546,0.023747389670461416,0.22169841825962067,0.1411905
3,MessagePassing,CConv,False,False,False,[1 1],[4],0,False,[1 1 1],[4],0,[1],21,801872753,perlin_433611252,3,-0.0073966197844044235,0.13554348,9.870162854637844,4.5993033e-07,1.3576638,0.03381401486694813,0.07894926518201828,0.23887248
4,MessagePassing,CConv,False,False,False,[1 1],[4],0,False,[1 1 1],[4],0,[1],21,801872753,perlin_960745502,0,0.013762954803720917,0.22812426,4.716593607369991,1.998219e-06,0.65235096,0.07230569049715996,0.35166729986667633,0.16850024
5,MessagePassing,CConv,False,False,False,[1 1],[4],0,False,[1 1 1],[4],0,[1],21,801872753,perlin_960745502,1,0.014892014592206015,0.16466314,3.6576087850180414,3.6607517e-10,0.3831161,0.035014888271689415,0.2840261161327362,0.12379257
6,MessagePassing,CConv,False,False,False,[1 1],[4],0,False,[1 1 1],[4],0,[1],21,801872753,perlin_960745502,2,0.0025290245670595013,0.039077975,6.70198765719455,2.6032012e-07,0.20109163,0.003256587020587176,0.05268856417387724,0.049893577
7,MessagePassing,CConv,False,False,False,[1 1],[4],0,False,[1 1 1],[4],0,[1],21,801872753,perlin_960745502,3,0.02678032972837896,0.018921841,10.881718253936427,2.6526537e-10,0.21920446,0.0005034005880588666,0.013110613683238626,0.040455855
8,MessagePassing,CConv,False,False,False,[1 1],[4],0,False,[1 1 1],[4],0,[1],21,801872753,perlin_759352143,0,0.008937215807454102,0.13234454,6.604801155907341,5.491877e-09,0.6107631,0.01847100257873535,0.2056228145956993,0.160578
9,MessagePassing,CConv,False,False,False,[1 1],[4],0,False,[1 1 1],[4],0,[1],21,801872753,perlin_759352143,1,0.027718194781923278,0.07956746,9.277622344322534,4.0523105e-09,0.6778974,0.008713800692930818,0.08146579191088676,0.13274291
10,MessagePassing,CConv,False,False,False,[1 1],[4],0,False,[1 1 1],[4],0,[1],21,801872753,perlin_759352143,2,0.003093104916159106,0.058023073,4.965836402129941,3.8221515e-10,0.18358837,0.013143121963366866,0.09771343693137169,0.053120036
11,MessagePassing,CConv,False,False,False,[1 1],[4],0,False,[1 1 1],[4],0,[1],21,801872753,perlin_759352143,3,0.006230830422765399,0.035678234,7.605965404906543,4.851678e-07,0.2084317,0.004835462081246078,0.04521544836461544,0.043212283
12,MessagePassing,CConv,False,False,False,[1 1],[4],0,False,[1 1 1],[4],0,[1],21,801872753,perlin_37078787,0,0.016301077943656206,0.1562792,9.220895312935337,1.3096724e-08,1.3240306,0.016787773929536343,0.1205991841852665,0.27919456
13,MessagePassing,CConv,False,False,False,[1 1],[4],0,False,[1 1 1],[4],0,[1],21,801872753,perlin_37078787,1,0.024394655223942463,0.10434052,8.077047193119837,7.8964426e-08,0.6838549,0.011752024060115218,0.15080555900931358,0.1365992
14,MessagePassing,CConv,False,False,False,[1 1],[4],0,False,[1 1 1],[4],0,[1],21,801872753,perlin_37078787,2,0.012791616259127725,0.05896464,10.85991623825324,1.1214046e-07,0.7326921,0.004373860196210444,0.05612719338387251,0.12986636
15,MessagePassing,CConv,False,False,False,[1 1],[4],0,False,[1 1 1],[4],0,[1],21,801872753,perlin_37078787,3,-0.003919527241468268,0.049089823,11.814560986657256,1.2805054e-08,0.75758195,0.00602231256198138,0.03808126226067543,0.1090905
0,MessagePassing,CConv,False,False,False,[1 1],[4],0,False,[1 1 1],[4],0,[1],21,286870121,perlin_433611252,0,-0.015307620861893634,0.23908995,5.877801037826092,6.004086e-13,1.0334164,0.0037492954288609326,0.41800060868263245,0.3082013
1,MessagePassing,CConv,False,False,False,[1 1],[4],0,False,[1 1 1],[4],0,[1],21,286870121,perlin_433611252,1,-0.13022729993843396,0.07190889,7.0240561849204495,1.2825296e-10,1.0070716,0.004512386512942612,0.09680957347154617,0.11668961
2,MessagePassing,CConv,False,False,False,[1 1],[4],0,False,[1 1 1],[4],0,[1],21,286870121,perlin_433611252,2,-0.03819606393479957,0.15201738,6.879271146180239,5.276958e-08,0.87471807,0.025566210504621267,0.22465792670845985,0.15272687
3,MessagePassing,CConv,False,False,False,[1 1],[4],0,False,[1 1 1],[4],0,[1],21,286870121,perlin_433611252,3,-0.10018007290588993,0.14802733,9.487529741535003,9.44502e-06,1.4356941,0.028011507354676723,0.10809515975415707,0.26523334
4,MessagePassing,CConv,False,False,False,[1 1],[4],0,False,[1 1 1],[4],0,[1],21,286870121,perlin_960745502,0,-0.03312873080879175,0.23897067,4.5148620727655375,9.300734e-09,0.76488626,0.07580761425197124,0.3434537723660469,0.18207821
5,MessagePassing,CConv,False,False,False,[1 1],[4],0,False,[1 1 1],[4],0,[1],21,286870121,perlin_960745502,1,-0.06328368241071369,0.17773041,3.3259550916631033,1.16361065e-07,0.7453303,0.03655962273478508,0.2773335501551628,0.14292143
6,MessagePassing,CConv,False,False,False,[1 1],[4],0,False,[1 1 1],[4],0,[1],21,286870121,perlin_960745502,2,-0.5250542920405685,0.059747137,4.858137663389805,2.220446e-10,1.4590182,0.0026935567730106413,0.07308503426611423,0.15709758
7,MessagePassing,CConv,False,False,False,[1 1],[4],0,False,[1 1 1],[4],0,[1],21,286870121,perlin_960745502,3,-0.45368476267074054,0.028263291,9.139125009695038,2.4424494e-08,1.0545005,0.0008179114665836096,0.0148761086165905,0.094489105
8,MessagePassing,CConv,False,False,False,[1 1],[4],0,False,[1 1 1],[4],0,[1],21,286870121,perlin_759352143,0,-0.12337667876800551,0.15001348,6.060558628977565,2.380113e-07,1.1959618,0.01811824832111597,0.2454456202685833,0.18506604
9,MessagePassing,CConv,False,False,False,[1 1],[4],0,False,[1 1 1],[4],0,[1],21,286870121,perlin_759352143,1,-0.16203939898219577,0.09509643,8.503335395793037,2.2489587e-06,1.1164693,0.008251948514953256,0.09703105874359608,0.16220812
10,MessagePassing,CConv,False,False,False,[1 1],[4],0,False,[1 1 1],[4],0,[1],21,286870121,perlin_759352143,2,-0.35861662233723735,0.07907571,3.621412151574088,2.7452455e-07,1.6015565,0.014381308108568192,0.1043873280286789,0.1588756
11,MessagePassing,CConv,False,False,False,[1 1],[4],0,False,[1 1 1],[4],0,[1],21,286870121,perlin_759352143,3,-0.29013070367588556,0.046318185,6.4724832309548,2.0737048e-09,1.405085,0.003982234396971762,0.041256518103182316,0.11191118
12,MessagePassing,CConv,False,False,False,[1 1],[4],0,False,[1 1 1],[4],0,[1],21,286870121,perlin_37078787,0,-0.06918762639468179,0.1698607,8.858977980699954,4.4521187e-10,1.4693631,0.01709010824561119,0.12651902064681053,0.3098195
13,MessagePassing,CConv,False,False,False,[1 1],[4],0,False,[1 1 1],[4],0,[1],21,286870121,perlin_37078787,1,-0.10692694396813973,0.1183853,7.5285989372763265,8.673617e-09,1.0656546,0.009558167774230242,0.1726674623787403,0.17280294
14,MessagePassing,CConv,False,False,False,[1 1],[4],0,False,[1 1 1],[4],0,[1],21,286870121,perlin_37078787,2,-0.13960794193495718,0.06806727,10.236450095548966,5.1449796e-08,1.4493347,0.0057284809881821275,0.051334530115127563,0.15719612
15,MessagePassing,CConv,False,False,False,[1 1],[4],0,False,[1 1 1],[4],0,[1],21,286870121,perlin_37078787,3,-0.24599414807723186,0.06092683,10.87638995060437,8.888652e-09,1.5686309,0.003447407914791256,0.039231411181390285,0.16359809
0,MessagePassing,CConv,False,False,False,[1 1],[4],0,False,[1 1 1],[4],0,[1],21,936431641,perlin_433611252,0,-0.07066140532496035,0.25212494,5.647256204729121,5.925828e-07,1.7335516,0.013382358010858297,0.28845131397247314,0.393659
1,MessagePassing,CConv,False,False,False,[1 1],[4],0,False,[1 1 1],[4],0,[1],21,936431641,perlin_433611252,1,-1.1751853546091136,0.13839267,4.18075113641947,2.565024e-07,0.70766616,0.03535414580255747,0.16199691966176033,0.15145925
2,MessagePassing,CConv,False,False,False,[1 1],[4],0,False,[1 1 1],[4],0,[1],21,936431641,perlin_433611252,2,-0.17318540621993783,0.17178315,6.348398496243544,9.9794875e-09,1.3580738,0.03235240466892719,0.2128024958074093,0.21856353
3,MessagePassing,CConv,False,False,False,[1 1],[4],0,False,[1 1 1],[4],0,[1],21,936431641,perlin_433611252,3,-0.30637661204312994,0.17577071,8.74148412640838,3.3960293e-07,1.0551544,0.014120283536612988,0.2542131096124649,0.23122928
4,MessagePassing,CConv,False,False,False,[1 1],[4],0,False,[1 1 1],[4],0,[1],21,936431641,perlin_960745502,0,-0.148996761547316,0.26577184,4.053218750923545,5.4147677e-08,1.3180617,0.04914823267608881,0.4089325964450836,0.3019488
5,MessagePassing,CConv,False,False,False,[1 1],[4],0,False,[1 1 1],[4],0,[1],21,936431641,perlin_960745502,1,-0.26277688921397635,0.21107617,2.5791798849475094,4.201639e-07,0.91163874,0.03447963763028383,0.31490036845207214,0.25159022
6,MessagePassing,CConv,False,False,False,[1 1],[4],0,False,[1 1 1],[4],0,[1],21,936431641,perlin_960745502,2,-2.215891336044966,0.12598915,1.6179769558229864,2.6789294e-08,0.5776338,0.025349522475153208,0.18704739212989807,0.1302025
7,MessagePassing,CConv,False,False,False,[1 1],[4],0,False,[1 1 1],[4],0,[1],21,936431641,perlin_960745502,3,-4.968618545100642,0.11604497,3.005088885809524,2.5137581e-08,0.6786772,0.05340540409088135,0.14476541429758072,0.11431583
8,MessagePassing,CConv,False,False,False,[1 1],[4],0,False,[1 1 1],[4],0,[1],21,936431641,perlin_759352143,0,-0.6600672993454457,0.22168206,4.364554993961059,2.6527005e-07,0.85132235,0.07011393830180168,0.29017942398786545,0.19009814
9,MessagePassing,CConv,False,False,False,[1 1],[4],0,False,[1 1 1],[4],0,[1],21,936431641,perlin_759352143,1,-1.068831233992145,0.16930446,5.9982933124639635,1.0467426e-07,1.2206336,0.020646539982408285,0.2579302042722702,0.19999737
10,MessagePassing,CConv,False,False,False,[1 1],[4],0,False,[1 1 1],[4],0,[1],21,936431641,perlin_759352143,2,-1.513522555265912,0.1462948,0.9495546511324866,1.16768064e-07,0.7024213,0.014463638653978705,0.2477443814277649,0.16669032
11,MessagePassing,CConv,False,False,False,[1 1],[4],0,False,[1 1 1],[4],0,[1],21,936431641,perlin_759352143,3,-2.6889789069384817,0.13244146,1.909758702179488,2.4711113e-09,0.6840166,0.03860389348119497,0.20057515054941177,0.13226144
12,MessagePassing,CConv,False,False,False,[1 1],[4],0,False,[1 1 1],[4],0,[1],21,936431641,perlin_37078787,0,-0.3805596054850753,0.21932805,7.748965339639242,3.8057557e-09,2.3426158,0.00924825668334961,0.29734480381011963,0.34621188
13,MessagePassing,CConv,False,False,False,[1 1],[4],0,False,[1 1 1],[4],0,[1],21,936431641,perlin_37078787,1,-0.629456894095481,0.17426965,5.849360049480062,1.2978983e-06,1.5620033,0.023095215670764446,0.21684550866484642,0.2299942
14,MessagePassing,CConv,False,False,False,[1 1],[4],0,False,[1 1 1],[4],0,[1],21,936431641,perlin_37078787,2,-1.279359095674184,0.13614309,7.225877029152716,5.7928574e-08,1.4240828,0.017023681197315454,0.1263694167137146,0.2481215
15,MessagePassing,CConv,False,False,False,[1 1],[4],0,False,[1 1 1],[4],0,[1],21,936431641,perlin_37078787,3,-1.6488872456641226,0.12952572,7.600915459395694,1.7889818e-08,0.5695841,0.04828703682869673,0.1587977111339569,0.12183504
0,MessagePassing,CConv,False,False,False,[1 1],[16],0,False,[1 1 1],[16],0,[1],81,278834676,perlin_433611252,0,0.007837066186154318,0.23363972,5.97794763123387,1.4888074e-07,0.9400738,0.005163077963516116,0.3837358132004738,0.3035847
1,MessagePassing,CConv,False,False,False,[1 1],[16],0,False,[1 1 1],[16],0,[1],81,278834676,perlin_433611252,1,0.008135061379082598,0.063105814,7.591189583757818,5.730172e-11,0.38395387,0.0050629957113415,0.08793741650879383,0.08991914
2,MessagePassing,CConv,False,False,False,[1 1],[16],0,False,[1 1 1],[16],0,[1],81,278834676,perlin_433611252,2,0.008236087942589898,0.14521858,7.077981999228296,6.269971e-08,0.778925,0.026764241512864828,0.21724893525242805,0.1428959
3,MessagePassing,CConv,False,False,False,[1 1],[16],0,False,[1 1 1],[16],0,[1],81,278834676,perlin_433611252,3,-0.013239815741268979,0.13632967,9.845045589178717,6.5310576e-07,1.323285,0.029211557935923338,0.09648068808019161,0.23672386
4,MessagePassing,CConv,False,False,False,[1 1],[16],0,False,[1 1 1],[16],0,[1],81,278834676,perlin_960745502,0,0.016319044435577634,0.22753301,4.727864147034282,1.0373915e-06,0.6949752,0.06878151372075081,0.34246131032705307,0.1743681
5,MessagePassing,CConv,False,False,False,[1 1],[16],0,False,[1 1 1],[16],0,[1],81,278834676,perlin_960745502,1,0.01642924887768149,0.1644062,3.664390436799534,2.8312744e-08,0.3919254,0.03170940466225147,0.2767820954322815,0.12643893
6,MessagePassing,CConv,False,False,False,[1 1],[16],0,False,[1 1 1],[16],0,[1],81,278834676,perlin_960745502,2,-0.020232770418670443,0.039969712,6.603998574786686,6.312778e-09,0.18018772,0.0037771640345454216,0.06146269664168358,0.04752985
7,MessagePassing,CConv,False,False,False,[1 1],[16],0,False,[1 1 1],[16],0,[1],81,278834676,perlin_960745502,3,0.02334652237088508,0.018988604,10.866421754133357,5.5403152e-08,0.22575465,0.001121137203881517,0.013665638165548444,0.040409897
8,MessagePassing,CConv,False,False,False,[1 1],[16],0,False,[1 1 1],[16],0,[1],81,278834676,perlin_759352143,0,-0.04661518401463449,0.13976291,6.367941399616809,8.505134e-09,0.7194582,0.007549953414127231,0.20491468161344528,0.19847155
9,MessagePassing,CConv,False,False,False,[1 1],[16],0,False,[1 1 1],[16],0,[1],81,278834676,perlin_759352143,1,-0.04952410851246336,0.08588864,8.945620037290215,5.7391993e-09,0.84461147,0.007596805226057768,0.06759297847747803,0.1654486
10,MessagePassing,CConv,False,False,False,[1 1],[16],0,False,[1 1 1],[16],0,[1],81,278834676,perlin_759352143,2,-0.12673529826888252,0.06557949,4.434163735449195,5.073364e-09,0.24949856,0.009955484420061111,0.10645619034767151,0.067804135
11,MessagePassing,CConv,False,False,False,[1 1],[16],0,False,[1 1 1],[16],0,[1],81,278834676,perlin_759352143,3,-0.1952511017930869,0.042911824,6.804227949092809,4.8011595e-09,0.30052954,0.01058483449742198,0.059562244452536106,0.04823426
12,MessagePassing,CConv,False,False,False,[1 1],[16],0,False,[1 1 1],[16],0,[1],81,278834676,perlin_37078787,0,-0.005985612979178878,0.15981987,9.123599208264823,1.2616895e-08,1.2235069,0.014974010176956654,0.14511683210730553,0.24999869
13,MessagePassing,CConv,False,False,False,[1 1],[16],0,False,[1 1 1],[16],0,[1],81,278834676,perlin_37078787,1,-0.006876904747432189,0.107685,7.940024371723332,1.5518609e-10,0.5919838,0.009408154524862766,0.1535094901919365,0.1278556
14,MessagePassing,CConv,False,False,False,[1 1],[16],0,False,[1 1 1],[16],0,[1],81,278834676,perlin_37078787,2,-0.04751033963512885,0.0625664,10.602421078799315,7.4447904e-08,0.6156836,0.015204809140414,0.06194527819752693,0.106077194
15,MessagePassing,CConv,False,False,False,[1 1],[16],0,False,[1 1 1],[16],0,[1],81,278834676,perlin_37078787,3,-0.08657263453151254,0.05313141,11.470962513677037,8.009601e-09,0.6758112,0.009336929069831967,0.052887347526848316,0.09667688
0,MessagePassing,CConv,False,False,False,[1 1],[16],0,False,[1 1 1],[16],0,[1],81,801872753,perlin_433611252,0,-0.7202781093324115,0.4051001,3.5877910507943604,7.4902005e-07,7.377865,0.03661716729402542,0.28807383030653,0.8625598
1,MessagePassing,CConv,False,False,False,[1 1],[16],0,False,[1 1 1],[16],0,[1],81,801872753,perlin_433611252,1,-7.852505151845378,0.5632264,-1.914947501830674,3.2939923e-07,9.2779665,0.17129870131611824,0.7119005024433136,0.8351705
2,MessagePassing,CConv,False,False,False,[1 1],[16],0,False,[1 1 1],[16],0,[1],81,801872753,perlin_433611252,2,-1.4955409844289713,0.36540848,3.0704173475844247,3.4053528e-08,8.883759,0.03843645192682743,0.30131636559963226,0.8089401
3,MessagePassing,CConv,False,False,False,[1 1],[16],0,False,[1 1 1],[16],0,[1],81,801872753,perlin_433611252,3,-2.2694344599523166,0.43989676,4.757442267537213,1.2312123e-06,10.603253,0.03483941592276096,0.7143712192773819,0.9453205
4,MessagePassing,CConv,False,False,False,[1 1],[16],0,False,[1 1 1],[16],0,[1],81,801872753,perlin_960745502,0,-1.4799629817729678,0.5736346,0.7119545848719908,1.8833098e-06,7.8569517,0.010907862335443497,0.7489161938428879,1.0953907
5,MessagePassing,CConv,False,False,False,[1 1],[16],0,False,[1 1 1],[16],0,[1],81,801872753,perlin_960745502,1,-2.366436810753815,0.56270796,-1.6792582399083453,2.2284894e-09,8.407512,0.02377776801586151,0.7341620624065399,1.1220162
6,MessagePassing,CConv,False,False,False,[1 1],[16],0,False,[1 1 1],[16],0,[1],81,801872753,perlin_960745502,2,-16.093051320056393,0.66965544,-5.637206389873396,0.008312939,10.860913,0.30355146527290344,0.7052317708730698,1.235085
7,MessagePassing,CConv,False,False,False,[1 1],[16],0,False,[1 1 1],[16],0,[1],81,801872753,perlin_960745502,3,-32.122914596110654,0.6439928,-4.437457865344775,0.1783986,9.482679,0.415632002055645,0.6788732707500458,0.8158741
8,MessagePassing,CConv,False,False,False,[1 1],[16],0,False,[1 1 1],[16],0,[1],81,801872753,perlin_759352143,0,-3.5065785140743744,0.6017995,0.027342203324964006,3.4427336e-07,10.518059,0.09307517297565937,0.5955460667610168,1.1706929
9,MessagePassing,CConv,False,False,False,[1 1],[16],0,False,[1 1 1],[16],0,[1],81,801872753,perlin_759352143,1,-7.15631854242989,0.66747886,0.04060184009120013,2.6164707e-06,10.287307,0.23093946278095245,0.7362093031406403,1.1295357
10,MessagePassing,CConv,False,False,False,[1 1],[16],0,False,[1 1 1],[16],0,[1],81,801872753,perlin_759352143,2,-9.1163379411509,0.5888022,-5.0978506150799285,1.0872378e-07,11.311941,0.15351374447345734,0.6910912692546844,1.2240496
11,MessagePassing,CConv,False,False,False,[1 1],[16],0,False,[1 1 1],[16],0,[1],81,801872753,perlin_759352143,3,-12.65669768553068,0.49030182,-3.774637159031928,0.001465455,9.558268,0.16932674497365952,0.5214059203863144,0.86028713
12,MessagePassing,CConv,False,False,False,[1 1],[16],0,False,[1 1 1],[16],0,[1],81,801872753,perlin_37078787,0,-2.537079959993297,0.56193215,3.6630682162837287,3.961759e-09,10.445762,0.048439583741128445,0.6471542567014694,1.146834
13,MessagePassing,CConv,False,False,False,[1 1],[16],0,False,[1 1 1],[16],0,[1],81,801872753,perlin_37078787,1,-4.568521087652373,0.59555066,0.5123897205487705,3.2574064e-08,9.563849,0.08238043822348118,0.851871982216835,1.0946378
14,MessagePassing,CConv,False,False,False,[1 1],[16],0,False,[1 1 1],[16],0,[1],81,801872753,perlin_37078787,2,-7.660167397978562,0.5172603,1.428740959505247,7.769661e-08,9.957272,0.14266204461455345,0.626305416226387,0.8535766
15,MessagePassing,CConv,False,False,False,[1 1],[16],0,False,[1 1 1],[16],0,[1],81,801872753,perlin_37078787,3,-9.786464591886514,0.52743834,1.502758438545122,5.5487362e-08,10.296578,0.2220974750816822,0.7075050622224808,0.89371926
0,MessagePassing,CConv,False,False,False,[1 1],[16],0,False,[1 1 1],[16],0,[1],81,286870121,perlin_433611252,0,-0.1189454048513423,0.26349515,5.455688769790827,2.7014266e-09,4.221158,0.001989432086702436,0.46614787727594376,0.4401076
1,MessagePassing,CConv,False,False,False,[1 1],[16],0,False,[1 1 1],[16],0,[1],81,286870121,perlin_433611252,1,-0.7754105288596553,0.11295764,5.0627263117945365,4.583876e-08,2.6199358,0.016093537211418152,0.10719537362456322,0.24167867
2,MessagePassing,CConv,False,False,False,[1 1],[16],0,False,[1 1 1],[16],0,[1],81,286870121,perlin_433611252,2,-0.20448542976468098,0.17636624,6.234048590728694,4.9467985e-09,3.8331046,0.014636660693213344,0.225972268730402,0.31995246
3,MessagePassing,CConv,False,False,False,[1 1],[16],0,False,[1 1 1],[16],0,[1],81,286870121,perlin_433611252,3,-0.2221341527862004,0.16443604,9.030978794809135,7.3873707e-10,2.0866883,0.009507236070930958,0.17736053094267845,0.30733103
4,MessagePassing,CConv,False,False,False,[1 1],[16],0,False,[1 1 1],[16],0,[1],81,286870121,perlin_960745502,0,-0.23730458300921087,0.28619814,3.731640383109554,9.639464e-07,3.62164,0.07002635486423969,0.34891292452812195,0.4306033
5,MessagePassing,CConv,False,False,False,[1 1],[16],0,False,[1 1 1],[16],0,[1],81,286870121,perlin_960745502,1,-0.3380288450944817,0.22365472,2.327791749865397,1.7408297e-11,2.928855,0.03031657636165619,0.31700699776411057,0.3750311
6,MessagePassing,CConv,False,False,False,[1 1],[16],0,False,[1 1 1],[16],0,[1],81,286870121,perlin_960745502,2,-1.698297406516041,0.10571134,2.3800924652069937,1.9835079e-07,2.2899897,0.017023286782205105,0.13501112908124924,0.23798604
7,MessagePassing,CConv,False,False,False,[1 1],[16],0,False,[1 1 1],[16],0,[1],81,286870121,perlin_960745502,3,-3.156420377317061,0.08081128,4.576632931209394,2.4424494e-08,2.26272,0.0315530588850379,0.0743869487196207,0.19307737
8,MessagePassing,CConv,False,False,False,[1 1],[16],0,False,[1 1 1],[16],0,[1],81,286870121,perlin_759352143,0,-0.5817769337831522,0.21122733,4.5743596195617116,1.5494385e-07,2.9132383,0.017564769834280014,0.2955304682254791,0.34521648
9,MessagePassing,CConv,False,False,False,[1 1],[16],0,False,[1 1 1],[16],0,[1],81,286870121,perlin_759352143,1,-0.9582312533078945,0.16025342,6.236904250002571,5.5712235e-10,3.966354,0.012434508418664336,0.15452513843774796,0.3647108
10,MessagePassing,CConv,False,False,False,[1 1],[16],0,False,[1 1 1],[16],0,[1],81,286870121,perlin_759352143,2,-1.2392601934220902,0.13033189,1.451337110664773,1.0255267e-08,2.3796806,0.006674247677437961,0.20062214508652687,0.25094533
11,MessagePassing,CConv,False,False,False,[1 1],[16],0,False,[1 1 1],[16],0,[1],81,286870121,perlin_759352143,3,-1.8523613429337704,0.10240528,3.026774743170508,7.894768e-08,1.9013716,0.004584925482049584,0.14651065692305565,0.18852532
12,MessagePassing,CConv,False,False,False,[1 1],[16],0,False,[1 1 1],[16],0,[1],81,286870121,perlin_37078787,0,-0.4235128478616619,0.22615197,7.615903975739338,2.3836037e-07,4.6077228,0.02318748040124774,0.23763886466622353,0.44809642
13,MessagePassing,CConv,False,False,False,[1 1],[16],0,False,[1 1 1],[16],0,[1],81,286870121,perlin_37078787,1,-0.6471862740507313,0.17616579,5.802361194134058,1.9787194e-08,3.4176002,0.007426980067975819,0.23137900233268738,0.36702177
14,MessagePassing,CConv,False,False,False,[1 1],[16],0,False,[1 1 1],[16],0,[1],81,286870121,perlin_37078787,2,-0.9193331429549034,0.11463922,7.972500228890817,7.458824e-08,2.9462357,0.014636865817010403,0.13415128737688065,0.21891414
15,MessagePassing,CConv,False,False,False,[1 1],[16],0,False,[1 1 1],[16],0,[1],81,286870121,perlin_37078787,3,-1.0881415274723798,0.102106296,8.633950300419269,1.6285217e-08,1.8471664,0.005255197174847126,0.13183604925870895,0.19753402
0,MessagePassing,CConv,False,False,False,[1 1],[16],0,False,[1 1 1],[16],0,[1],81,936431641,perlin_433611252,0,-0.2955861889872309,0.30509144,4.819114162670356,1.8111592e-09,12.151847,0.0026054538902826607,0.3664768263697624,1.0055821
1,MessagePassing,CConv,False,False,False,[1 1],[16],0,False,[1 1 1],[16],0,[1],81,936431641,perlin_433611252,1,-0.9900986469556605,0.12661682,4.566968162975413,8.557436e-09,8.963704,0.0048187930369749665,0.09072479233145714,0.7595219
2,MessagePassing,CConv,False,False,False,[1 1],[16],0,False,[1 1 1],[16],0,[1],81,936431641,perlin_433611252,2,-0.4539460122519485,0.2128934,5.416581518213541,3.7969357e-07,11.081288,0.023286051582545042,0.21494248881936073,0.8729292
3,MessagePassing,CConv,False,False,False,[1 1],[16],0,False,[1 1 1],[16],0,[1],81,936431641,perlin_433611252,3,-0.38976025686911253,0.18698984,8.472768728415412,6.3602243e-07,7.9594193,0.032933926209807396,0.07731128670275211,0.6968195
4,MessagePassing,CConv,False,False,False,[1 1],[16],0,False,[1 1 1],[16],0,[1],81,936431641,perlin_960745502,0,-0.601004320674172,0.37032467,2.612481243271973,7.02563e-13,10.74372,0.07172489166259766,0.3403652310371399,1.2320592
5,MessagePassing,CConv,False,False,False,[1 1],[16],0,False,[1 1 1],[16],0,[1],81,936431641,perlin_960745502,1,-0.802274676572468,0.3012545,1.034237025240874,9.181554e-07,9.7122555,0.03630590904504061,0.2719671428203583,1.1544678
6,MessagePassing,CConv,False,False,False,[1 1],[16],0,False,[1 1 1],[16],0,[1],81,936431641,perlin_960745502,2,-2.995662801160489,0.15653831,0.6751016518879591,1.6457355e-07,8.666718,0.0027777915238402784,0.049416257068514824,0.95279646
7,MessagePassing,CConv,False,False,False,[1 1],[16],0,False,[1 1 1],[16],0,[1],81,936431641,perlin_960745502,3,-3.244962696165027,0.08253276,4.485088584666431,9.395823e-11,8.354945,0.00034699246316449717,0.013357281917706132,0.7260354
8,MessagePassing,CConv,False,False,False,[1 1],[16],0,False,[1 1 1],[16],0,[1],81,936431641,perlin_759352143,0,-0.8902357807748913,0.2524183,3.80065214520645,8.734787e-07,9.125822,0.014517909148707986,0.2119104601442814,1.0170059
9,MessagePassing,CConv,False,False,False,[1 1],[16],0,False,[1 1 1],[16],0,[1],81,936431641,perlin_759352143,1,-1.5394181579958586,0.20781533,5.108201402232854,1.0170936e-06,10.901832,0.008885989664122462,0.07808244973421097,1.0731344
10,MessagePassing,CConv,False,False,False,[1 1],[16],0,False,[1 1 1],[16],0,[1],81,936431641,perlin_759352143,2,-1.9208840634053175,0.17000452,0.29723890995747126,3.1205042e-07,8.1808,0.0127237259875983,0.09889621287584305,0.9169573
11,MessagePassing,CConv,False,False,False,[1 1],[16],0,False,[1 1 1],[16],0,[1],81,936431641,perlin_759352143,3,-1.5877682972317642,0.09290588,3.449566600338239,8.743145e-13,8.011992,0.005665681208483875,0.04684543143957853,0.6663208
12,MessagePassing,CConv,False,False,False,[1 1],[16],0,False,[1 1 1],[16],0,[1],81,936431641,perlin_37078787,0,-0.8144735766183502,0.2882635,6.562010067709373,3.1427884e-08,12.915317,0.016506381332874298,0.12985006719827652,1.1818075
13,MessagePassing,CConv,False,False,False,[1 1],[16],0,False,[1 1 1],[16],0,[1],81,936431641,perlin_37078787,1,-1.209733989246327,0.23633,4.526388651995678,1.9498989e-08,10.795584,0.01102709793485701,0.15002700313925743,1.1083269
14,MessagePassing,CConv,False,False,False,[1 1],[16],0,False,[1 1 1],[16],0,[1],81,936431641,perlin_37078787,2,-1.023328199293311,0.120850705,7.743341504172681,2.914926e-06,9.945351,0.0055327871814370155,0.05623134132474661,0.75750846
15,MessagePassing,CConv,False,False,False,[1 1],[16],0,False,[1 1 1],[16],0,[1],81,936431641,perlin_37078787,3,-1.1167410648065195,0.103504755,8.5748725081067,9.094947e-11,7.87937,0.006271761259995401,0.03531671315431595,0.65268606
0,MessagePassing,CConv,False,False,False,[1 1],[64],0,False,[1 1 1],[64],0,[1],321,278834676,perlin_433611252,0,-0.06046770114045841,0.24972449,5.688802721286544,9.5291774e-09,1.2397736,0.011135041946545243,0.3769412562251091,0.3435904
1,MessagePassing,CConv,False,False,False,[1 1],[64],0,False,[1 1 1],[64],0,[1],321,278834676,perlin_433611252,1,-0.2863900404971633,0.081844494,6.461987861803692,1.4425997e-07,0.33679795,0.019470403902232647,0.11655070446431637,0.083223216
2,MessagePassing,CConv,False,False,False,[1 1],[64],0,False,[1 1 1],[64],0,[1],321,278834676,perlin_433611252,2,-0.10465913517968506,0.16174921,6.609781503010805,8.713832e-10,0.5892856,0.017341591883450747,0.3006437197327614,0.16019426
3,MessagePassing,CConv,False,False,False,[1 1],[64],0,False,[1 1 1],[64],0,[1],321,278834676,perlin_433611252,3,-0.104116986304017,0.14855704,9.472017137436897,2.4980482e-06,1.6286994,0.02655699849128723,0.13093425706028938,0.27468652
4,MessagePassing,CConv,False,False,False,[1 1],[64],0,False,[1 1 1],[64],0,[1],321,278834676,perlin_960745502,0,-0.07890341331661044,0.24955872,4.326581009753104,1.4817605e-08,0.5897074,0.07757650874555111,0.41983628273010254,0.1807163
5,MessagePassing,CConv,False,False,False,[1 1],[64],0,False,[1 1 1],[64],0,[1],321,278834676,perlin_960745502,1,-0.1119482854182614,0.1858648,3.131601183224071,1.7819795e-07,0.5391159,0.0482361214235425,0.3012271970510483,0.15247148
6,MessagePassing,CConv,False,False,False,[1 1],[64],0,False,[1 1 1],[64],0,[1],321,278834676,perlin_960745502,2,-0.5463703465899457,0.060582235,4.797855372066431,2.220446e-16,0.30573922,0.007555455551482737,0.08299857750535011,0.08114166
7,MessagePassing,CConv,False,False,False,[1 1],[64],0,False,[1 1 1],[64],0,[1],321,278834676,perlin_960745502,3,-1.0703576505316343,0.040252965,7.60337348929978,7.1193014e-08,0.2658169,0.006977631710469723,0.0534898741170764,0.05181563
8,MessagePassing,CConv,False,False,False,[1 1],[64],0,False,[1 1 1],[64],0,[1],321,278834676,perlin_759352143,0,-0.01597090234592846,0.13567072,6.496999673908256,4.4191662e-08,0.62039703,0.008213510503992438,0.21871405839920044,0.17611347
9,MessagePassing,CConv,False,False,False,[1 1],[64],0,False,[1 1 1],[64],0,[1],321,278834676,perlin_759352143,1,-0.018322556866137374,0.083335236,9.076689996569424,1.3181749e-09,0.8137453,0.008392476011067629,0.0808895081281662,0.14898007
10,MessagePassing,CConv,False,False,False,[1 1],[64],0,False,[1 1 1],[64],0,[1],321,278834676,perlin_759352143,2,-0.03880456728278059,0.060461648,4.7870441262971015,3.1351323e-08,0.19875208,0.011088292580097914,0.09979966096580029,0.0606945
11,MessagePassing,CConv,False,False,False,[1 1],[64],0,False,[1 1 1],[64],0,[1],321,278834676,perlin_759352143,3,-0.08133688207669376,0.038822085,7.239209365954023,1.16335656e-07,0.27521795,0.00775664858520031,0.04330963175743818,0.04802532
12,MessagePassing,CConv,False,False,False,[1 1],[64],0,False,[1 1 1],[64],0,[1],321,278834676,perlin_37078787,0,0.004026502056600378,0.15822926,9.167039477341767,5.7520438e-08,1.4286674,0.01655738428235054,0.12074822373688221,0.28969103
13,MessagePassing,CConv,False,False,False,[1 1],[64],0,False,[1 1 1],[64],0,[1],321,278834676,perlin_37078787,1,0.0016508012524464322,0.106772974,7.976963473460284,1.660241e-08,0.74556154,0.008861985756084323,0.15748083963990211,0.14646995
14,MessagePassing,CConv,False,False,False,[1 1],[64],0,False,[1 1 1],[64],0,[1],321,278834676,perlin_37078787,2,-0.010823892666851576,0.06037517,10.757249345718115,5.843526e-11,0.6851022,0.006203287863172591,0.047468715347349644,0.12540105
15,MessagePassing,CConv,False,False,False,[1 1],[64],0,False,[1 1 1],[64],0,[1],321,278834676,perlin_37078787,3,-0.019663198419948236,0.049859658,11.746982406403372,2.314684e-10,0.81104004,0.003487449896056205,0.03837490268051624,0.11688622
0,MessagePassing,CConv,False,False,False,[1 1],[64],0,False,[1 1 1],[64],0,[1],321,801872753,perlin_433611252,0,-0.18757104877470265,0.27965546,5.197181104344165,1.6043487e-09,5.8306866,0.006302652880549431,0.44049496948719025,0.5572501
1,MessagePassing,CConv,False,False,False,[1 1],[64],0,False,[1 1 1],[64],0,[1],321,801872753,perlin_433611252,1,-0.7995788956070526,0.11449531,5.004005742766545,6.5689676e-08,4.438212,0.008135959273204207,0.07173662260174751,0.36981103
2,MessagePassing,CConv,False,False,False,[1 1],[64],0,False,[1 1 1],[64],0,[1],321,801872753,perlin_433611252,2,-0.28973307169756013,0.18884858,5.9370662138765615,5.8633653e-08,5.9696007,0.023213648702949286,0.18952710181474686,0.46110788
3,MessagePassing,CConv,False,False,False,[1 1],[64],0,False,[1 1 1],[64],0,[1],321,801872753,perlin_433611252,3,-0.35337682492946776,0.18209451,8.587981143595027,3.584742e-08,3.7450488,0.007468357449397445,0.2016988880932331,0.3686301
4,MessagePassing,CConv,False,False,False,[1 1],[64],0,False,[1 1 1],[64],0,[1],321,801872753,perlin_960745502,0,-0.3365099900991795,0.3091451,3.396685045797447,2.5016764e-06,5.601774,0.06633870117366314,0.3271844610571861,0.620609
5,MessagePassing,CConv,False,False,False,[1 1],[64],0,False,[1 1 1],[64],0,[1],321,801872753,perlin_960745502,1,-0.4690346223282462,0.24555263,1.9221269852790175,8.8465555e-09,4.7397494,0.028345271479338408,0.29449088871479034,0.55712706
6,MessagePassing,CConv,False,False,False,[1 1],[64],0,False,[1 1 1],[64],0,[1],321,801872753,perlin_960745502,2,-2.0859089024930935,0.120896816,1.7971594737973484,9.5327835e-08,3.603729,0.009180631022900343,0.11967666633427143,0.40000588
7,MessagePassing,CConv,False,False,False,[1 1],[64],0,False,[1 1 1],[64],0,[1],321,801872753,perlin_960745502,3,-3.5287932126885018,0.08805114,4.204002036130006,1.6621584e-07,3.8862488,0.021214660722762346,0.08397920615971088,0.3155347
8,MessagePassing,CConv,False,False,False,[1 1],[64],0,False,[1 1 1],[64],0,[1],321,801872753,perlin_759352143,0,-1.8319262774596123,0.37816978,2.0449922685440534,9.411429e-07,5.7496758,0.08129496313631535,0.4013245180249214,0.61410594
9,MessagePassing,CConv,False,False,False,[1 1],[64],0,False,[1 1 1],[64],0,[1],321,801872753,perlin_759352143,1,-2.5972909851175765,0.29438716,3.595788298832334,2.783832e-07,7.1899014,0.02694011526182294,0.28930216282606125,0.64192164
10,MessagePassing,CConv,False,False,False,[1 1],[64],0,False,[1 1 1],[64],0,[1],321,801872753,perlin_759352143,2,-3.7779480678671273,0.2780914,-1.8400324194199034,1.0715718e-07,4.9950967,0.05778412148356438,0.33937837928533554,0.47766674
11,MessagePassing,CConv,False,False,False,[1 1],[64],0,False,[1 1 1],[64],0,[1],321,801872753,perlin_759352143,3,-6.139633522009101,0.25632665,-0.9579389247928154,2.8470845e-07,4.2161336,0.06959396973252296,0.38590969145298004,0.35193795
12,MessagePassing,CConv,False,False,False,[1 1],[64],0,False,[1 1 1],[64],0,[1],321,801872753,perlin_37078787,0,-1.085290794093082,0.33128792,5.957850903936384,3.9632653e-08,5.647022,0.09634166955947876,0.38496133685112,0.5832552
13,MessagePassing,CConv,False,False,False,[1 1],[64],0,False,[1 1 1],[64],0,[1],321,801872753,perlin_37078787,1,-1.4974127924260516,0.26709712,3.994884510409364,2.11948e-08,5.12444,0.050688762217760086,0.19992899522185326,0.5614885
14,MessagePassing,CConv,False,False,False,[1 1],[64],0,False,[1 1 1],[64],0,[1],321,801872753,perlin_37078787,2,-2.2966747784700012,0.196906,5.623243481411011,3.8689052e-08,3.881137,0.029443813487887383,0.3134118393063545,0.3477956
15,MessagePassing,CConv,False,False,False,[1 1],[64],0,False,[1 1 1],[64],0,[1],321,801872753,perlin_37078787,3,-2.7565784156294653,0.1836898,6.083625650682732,3.7516302e-06,3.6644375,0.026369648054242134,0.28144196420907974,0.30001926
